{"Iterdata":[[16,4],[9,3],[25,5],[23,4.80555534]],"ptdata":[[8.733334,2.95806],[9,3],[9.266666,3.041658],[9.533333,3.08303332],[9.799999,3.124127],[10.0666656,3.16493821],[10.3333321,3.20546722],[10.5999985,3.245714],[10.8666649,3.28567886],[11.1333313,3.32536125],[11.3999977,3.36476159],[11.6666641,3.40387964],[11.9333305,3.44271564],[12.1999969,3.48126936],[12.4666634,3.519541],[12.73333,3.5575304],[12.9999962,3.59523749],[13.2666626,3.63266253],[13.533329,3.66980529],[13.7999954,3.706666],[14.0666618,3.74324441],[14.3333282,3.77954078],[14.5999947,3.81555486],[14.8666611,3.85128665],[15.1333275,3.88673639],[15.3999939,3.92190385],[15.66666,3.95678926],[15.9333267,3.99139237],[16.1999931,4.02571344],[16.46666,4.059752],[16.733326,4.09350872],[16.9999924,4.126983],[17.2666588,4.16017532],[17.5333252,4.193085],[17.7999916,4.22571325],[18.066658,4.258059],[18.3333244,4.29012251],[18.59999,4.32190371],[18.8666573,4.35340261],[19.1333237,4.38461971],[19.39999,4.41555452],[19.6666565,4.446207],[19.9333229,4.47657728],[20.19999,4.506665],[20.4666557,4.53647137],[20.7333221,4.565995],[20.9999886,4.595237],[21.266655,4.624196],[21.5333214,4.65287352],[21.7999878,4.68126869],[22.0666542,4.70938158],[22.33332,4.737212],[22.599987,4.76476049],[22.8666534,4.792027],[23.13332,4.819011],[23.3999863,4.845713],[23.6666527,4.872133],[23.93332,4.89827],[24.1999855,4.92412567],[24.4666519,4.949699],[24.7333183,4.97499],[24.9999847,4.99999857],[25.2666512,5.02472544],[25.5333176,5.04916954]]}